1,Marian Hills,tony.homenick@example.org,2022-05-23 11:07:10.0,$2y$10$92IXUNpkjO0rOQ5byMi.Ye4oKoEa3Ro9llC/.og/at2.uheWG/igi,TciYn1V51n,2022-05-23 11:07:15.0,2022-05-23 11:07:15.0
2,Coy Gislason,lilliana.gutmann@example.net,2022-05-23 11:07:10.0,$2y$10$92IXUNpkjO0rOQ5byMi.Ye4oKoEa3Ro9llC/.og/at2.uheWG/igi,M8f1nb9n5E,2022-05-23 11:07:15.0,2022-05-23 11:07:15.0
3,Shania Beatty,bulah.oreilly@example.com,2022-05-23 11:07:10.0,$2y$10$92IXUNpkjO0rOQ5byMi.Ye4oKoEa3Ro9llC/.og/at2.uheWG/igi,sypbAIF4fQ,2022-05-23 11:07:15.0,2022-05-23 11:07:15.0
4,Meta Mante,rene.barrows@example.net,2022-05-23 11:07:10.0,$2y$10$92IXUNpkjO0rOQ5byMi.Ye4oKoEa3Ro9llC/.og/at2.uheWG/igi,hKXsyc8zKX,2022-05-23 11:07:15.0,2022-05-23 11:07:15.0
5,Chelsey Borer,antwon96@example.org,2022-05-23 11:07:10.0,$2y$10$92IXUNpkjO0rOQ5byMi.Ye4oKoEa3Ro9llC/.og/at2.uheWG/igi,PkK4kSpvSV,2022-05-23 11:07:15.0,2022-05-23 11:07:15.0
6,Raymond Brakus,twisoky@example.com,2022-05-23 11:07:10.0,$2y$10$92IXUNpkjO0rOQ5byMi.Ye4oKoEa3Ro9llC/.og/at2.uheWG/igi,vm0JsTG4vW,2022-05-23 11:07:15.0,2022-05-23 11:07:15.0
7,Cruz Rohan,adah05@example.com,2022-05-23 11:07:10.0,$2y$10$92IXUNpkjO0rOQ5byMi.Ye4oKoEa3Ro9llC/.og/at2.uheWG/igi,0rsa8iGVKX,2022-05-23 11:07:15.0,2022-05-23 11:07:15.0
8,Emilie Powlowski,akoepp@example.com,2022-05-23 11:07:10.0,$2y$10$92IXUNpkjO0rOQ5byMi.Ye4oKoEa3Ro9llC/.og/at2.uheWG/igi,c3gbKP5Rli,2022-05-23 11:07:15.0,2022-05-23 11:07:15.0
9,Aletha Cremin,carolina.bode@example.org,2022-05-23 11:07:10.0,$2y$10$92IXUNpkjO0rOQ5byMi.Ye4oKoEa3Ro9llC/.og/at2.uheWG/igi,8fWe9ZsrDi,2022-05-23 11:07:15.0,2022-05-23 11:07:15.0
10,Athena Shields,cali48@example.net,2022-05-23 11:07:10.0,$2y$10$92IXUNpkjO0rOQ5byMi.Ye4oKoEa3Ro9llC/.og/at2.uheWG/igi,IoMVtuYiLn,2022-05-23 11:07:15.0,2022-05-23 11:07:15.0
11,Lindsay Friesen,carroll.cassie@example.net,2022-05-23 11:07:10.0,$2y$10$92IXUNpkjO0rOQ5byMi.Ye4oKoEa3Ro9llC/.og/at2.uheWG/igi,Hfe5miwFGl,2022-05-23 11:07:15.0,2022-05-23 11:07:15.0
12,Cyril Blick,bogisich.marques@example.org,2022-05-23 11:07:10.0,$2y$10$92IXUNpkjO0rOQ5byMi.Ye4oKoEa3Ro9llC/.og/at2.uheWG/igi,b2L8pTDkan,2022-05-23 11:07:15.0,2022-05-23 11:07:15.0
13,Estella Swift,halvorson.arlene@example.com,2022-05-23 11:07:10.0,$2y$10$92IXUNpkjO0rOQ5byMi.Ye4oKoEa3Ro9llC/.og/at2.uheWG/igi,RKDNXRLQqM,2022-05-23 11:07:15.0,2022-05-23 11:07:15.0
14,Everett Bradtke,lemard@example.com,2022-05-23 11:07:10.0,$2y$10$92IXUNpkjO0rOQ5byMi.Ye4oKoEa3Ro9llC/.og/at2.uheWG/igi,OGpxOzD7jo,2022-05-23 11:07:15.0,2022-05-23 11:07:15.0
15,Tod Murazik,judd12@example.com,2022-05-23 11:07:10.0,$2y$10$92IXUNpkjO0rOQ5byMi.Ye4oKoEa3Ro9llC/.og/at2.uheWG/igi,DJrX5lPfHY,2022-05-23 11:07:15.0,2022-05-23 11:07:15.0
16,Coralie Boyle,rodrick89@example.org,2022-05-23 11:07:10.0,$2y$10$92IXUNpkjO0rOQ5byMi.Ye4oKoEa3Ro9llC/.og/at2.uheWG/igi,58xZgHeZQ9,2022-05-23 11:07:15.0,2022-05-23 11:07:15.0
17,Elisa Flatley,fschiller@example.org,2022-05-23 11:07:10.0,$2y$10$92IXUNpkjO0rOQ5byMi.Ye4oKoEa3Ro9llC/.og/at2.uheWG/igi,m4NLXhTvUr,2022-05-23 11:07:15.0,2022-05-23 11:07:15.0
18,Rollin Ward,ernestine96@example.org,2022-05-23 11:07:10.0,$2y$10$92IXUNpkjO0rOQ5byMi.Ye4oKoEa3Ro9llC/.og/at2.uheWG/igi,X6TXu2tGZ0,2022-05-23 11:07:15.0,2022-05-23 11:07:15.0
19,Hillary Skiles,macejkovic.liliane@example.net,2022-05-23 11:07:10.0,$2y$10$92IXUNpkjO0rOQ5byMi.Ye4oKoEa3Ro9llC/.og/at2.uheWG/igi,yxoJZTXSy8,2022-05-23 11:07:15.0,2022-05-23 11:07:15.0
20,Kaleigh Kirlin,hayes.jordy@example.org,2022-05-23 11:07:10.0,$2y$10$92IXUNpkjO0rOQ5byMi.Ye4oKoEa3Ro9llC/.og/at2.uheWG/igi,ClQVKoK7MM,2022-05-23 11:07:15.0,2022-05-23 11:07:15.0
21,Marlee Treutel,hoppe.quincy@example.org,2022-05-23 11:07:10.0,$2y$10$92IXUNpkjO0rOQ5byMi.Ye4oKoEa3Ro9llC/.og/at2.uheWG/igi,TgaAB4QbB7,2022-05-23 11:07:15.0,2022-05-23 11:07:15.0
22,Sabina Leffler,koss.guadalupe@example.org,2022-05-23 11:07:10.0,$2y$10$92IXUNpkjO0rOQ5byMi.Ye4oKoEa3Ro9llC/.og/at2.uheWG/igi,hviOfotVLw,2022-05-23 11:07:15.0,2022-05-23 11:07:15.0
23,Adrain Mayer,aditya.wehner@example.net,2022-05-23 11:07:10.0,$2y$10$92IXUNpkjO0rOQ5byMi.Ye4oKoEa3Ro9llC/.og/at2.uheWG/igi,WqXWyp19Mk,2022-05-23 11:07:15.0,2022-05-23 11:07:15.0
24,Jacky Anderson,zward@example.org,2022-05-23 11:07:10.0,$2y$10$92IXUNpkjO0rOQ5byMi.Ye4oKoEa3Ro9llC/.og/at2.uheWG/igi,HkV8z2iLZv,2022-05-23 11:07:15.0,2022-05-23 11:07:15.0
25,Helga O'Hara,okon.kacey@example.com,2022-05-23 11:07:10.0,$2y$10$92IXUNpkjO0rOQ5byMi.Ye4oKoEa3Ro9llC/.og/at2.uheWG/igi,Yhh6ZuQbtz,2022-05-23 11:07:15.0,2022-05-23 11:07:15.0
26,Ona Heller,braeden92@example.net,2022-05-23 11:07:10.0,$2y$10$92IXUNpkjO0rOQ5byMi.Ye4oKoEa3Ro9llC/.og/at2.uheWG/igi,UFXYP8c1fz,2022-05-23 11:07:15.0,2022-05-23 11:07:15.0
27,Araceli Hauck,davion46@example.org,2022-05-23 11:07:10.0,$2y$10$92IXUNpkjO0rOQ5byMi.Ye4oKoEa3Ro9llC/.og/at2.uheWG/igi,ahBwWDfV8N,2022-05-23 11:07:15.0,2022-05-23 11:07:15.0
28,Laron Abernathy,cade.hoeger@example.org,2022-05-23 11:07:10.0,$2y$10$92IXUNpkjO0rOQ5byMi.Ye4oKoEa3Ro9llC/.og/at2.uheWG/igi,Ge4Gas7OSY,2022-05-23 11:07:15.0,2022-05-23 11:07:15.0
29,Jovanny Eichmann,fmonahan@example.com,2022-05-23 11:07:10.0,$2y$10$92IXUNpkjO0rOQ5byMi.Ye4oKoEa3Ro9llC/.og/at2.uheWG/igi,TP907IzdSC,2022-05-23 11:07:15.0,2022-05-23 11:07:15.0
30,Dillan Lockman,kennith23@example.com,2022-05-23 11:07:10.0,$2y$10$92IXUNpkjO0rOQ5byMi.Ye4oKoEa3Ro9llC/.og/at2.uheWG/igi,Mo3YbL8CRF,2022-05-23 11:07:15.0,2022-05-23 11:07:15.0
31,Alan Gottlieb,hagenes.forrest@example.org,2022-05-23 11:07:10.0,$2y$10$92IXUNpkjO0rOQ5byMi.Ye4oKoEa3Ro9llC/.og/at2.uheWG/igi,tqVCO9j6Oa,2022-05-23 11:07:15.0,2022-05-23 11:07:15.0
32,Rosalinda Gislason,shaniya80@example.org,2022-05-23 11:07:10.0,$2y$10$92IXUNpkjO0rOQ5byMi.Ye4oKoEa3Ro9llC/.og/at2.uheWG/igi,83NvHbkii4,2022-05-23 11:07:15.0,2022-05-23 11:07:15.0
33,Roel Fay,cheidenreich@example.com,2022-05-23 11:07:10.0,$2y$10$92IXUNpkjO0rOQ5byMi.Ye4oKoEa3Ro9llC/.og/at2.uheWG/igi,TtS1BAeDKb,2022-05-23 11:07:15.0,2022-05-23 11:07:15.0
34,Garnet Kris,jaren.leffler@example.com,2022-05-23 11:07:10.0,$2y$10$92IXUNpkjO0rOQ5byMi.Ye4oKoEa3Ro9llC/.og/at2.uheWG/igi,EQBPlb4YcE,2022-05-23 11:07:15.0,2022-05-23 11:07:15.0
35,Jayde Muller,pgutkowski@example.org,2022-05-23 11:07:10.0,$2y$10$92IXUNpkjO0rOQ5byMi.Ye4oKoEa3Ro9llC/.og/at2.uheWG/igi,od2i5txvH4,2022-05-23 11:07:15.0,2022-05-23 11:07:15.0
36,Dorcas Halvorson,nhermiston@example.org,2022-05-23 11:07:10.0,$2y$10$92IXUNpkjO0rOQ5byMi.Ye4oKoEa3Ro9llC/.og/at2.uheWG/igi,IA6tXAtPiZ,2022-05-23 11:07:15.0,2022-05-23 11:07:15.0
37,Beulah Halvorson,jackie33@example.org,2022-05-23 11:07:10.0,$2y$10$92IXUNpkjO0rOQ5byMi.Ye4oKoEa3Ro9llC/.og/at2.uheWG/igi,YtocrirtC3,2022-05-23 11:07:15.0,2022-05-23 11:07:15.0
38,Mireya Kerluke,uquigley@example.com,2022-05-23 11:07:10.0,$2y$10$92IXUNpkjO0rOQ5byMi.Ye4oKoEa3Ro9llC/.og/at2.uheWG/igi,EBlliYphQB,2022-05-23 11:07:15.0,2022-05-23 11:07:15.0
39,Leanna Kozey,pyundt@example.com,2022-05-23 11:07:10.0,$2y$10$92IXUNpkjO0rOQ5byMi.Ye4oKoEa3Ro9llC/.og/at2.uheWG/igi,xYdvm4HnAw,2022-05-23 11:07:15.0,2022-05-23 11:07:15.0
40,Kiana Johnson,herman.logan@example.org,2022-05-23 11:07:10.0,$2y$10$92IXUNpkjO0rOQ5byMi.Ye4oKoEa3Ro9llC/.og/at2.uheWG/igi,B85lSIMUwq,2022-05-23 11:07:15.0,2022-05-23 11:07:15.0
41,Estel Altenwerth,lyric63@example.com,2022-05-23 11:07:10.0,$2y$10$92IXUNpkjO0rOQ5byMi.Ye4oKoEa3Ro9llC/.og/at2.uheWG/igi,HjwoyJ7zFa,2022-05-23 11:07:15.0,2022-05-23 11:07:15.0
42,Heath Kilback,orval33@example.org,2022-05-23 11:07:10.0,$2y$10$92IXUNpkjO0rOQ5byMi.Ye4oKoEa3Ro9llC/.og/at2.uheWG/igi,8P4cMroAX2,2022-05-23 11:07:15.0,2022-05-23 11:07:15.0
43,Caleb Keeling,walker.monte@example.com,2022-05-23 11:07:10.0,$2y$10$92IXUNpkjO0rOQ5byMi.Ye4oKoEa3Ro9llC/.og/at2.uheWG/igi,D1PY3ZdR4j,2022-05-23 11:07:15.0,2022-05-23 11:07:15.0
44,Howard Osinski,kameron.jaskolski@example.com,2022-05-23 11:07:10.0,$2y$10$92IXUNpkjO0rOQ5byMi.Ye4oKoEa3Ro9llC/.og/at2.uheWG/igi,r45QxtnrZa,2022-05-23 11:07:15.0,2022-05-23 11:07:15.0
45,Estevan Grant,pouros.olga@example.org,2022-05-23 11:07:10.0,$2y$10$92IXUNpkjO0rOQ5byMi.Ye4oKoEa3Ro9llC/.og/at2.uheWG/igi,QcYrqBMCfX,2022-05-23 11:07:15.0,2022-05-23 11:07:15.0
46,Madisen Ullrich,ezra14@example.org,2022-05-23 11:07:10.0,$2y$10$92IXUNpkjO0rOQ5byMi.Ye4oKoEa3Ro9llC/.og/at2.uheWG/igi,gEATEVxujS,2022-05-23 11:07:15.0,2022-05-23 11:07:15.0
47,Ciara Wintheiser,cloyd31@example.org,2022-05-23 11:07:10.0,$2y$10$92IXUNpkjO0rOQ5byMi.Ye4oKoEa3Ro9llC/.og/at2.uheWG/igi,g9IGmS9vez,2022-05-23 11:07:15.0,2022-05-23 11:07:15.0
48,Gudrun McDermott,stremblay@example.org,2022-05-23 11:07:10.0,$2y$10$92IXUNpkjO0rOQ5byMi.Ye4oKoEa3Ro9llC/.og/at2.uheWG/igi,aRzRHhJhtZ,2022-05-23 11:07:15.0,2022-05-23 11:07:15.0
49,Archibald Hintz,marta.cassin@example.org,2022-05-23 11:07:10.0,$2y$10$92IXUNpkjO0rOQ5byMi.Ye4oKoEa3Ro9llC/.og/at2.uheWG/igi,TZN8IPkEnB,2022-05-23 11:07:15.0,2022-05-23 11:07:15.0
50,Bessie Streich,yost.brandyn@example.org,2022-05-23 11:07:10.0,$2y$10$92IXUNpkjO0rOQ5byMi.Ye4oKoEa3Ro9llC/.og/at2.uheWG/igi,pjzjHZZ08x,2022-05-23 11:07:15.0,2022-05-23 11:07:15.0
51,Armando Witting,tomas49@example.com,2022-05-23 11:07:10.0,$2y$10$92IXUNpkjO0rOQ5byMi.Ye4oKoEa3Ro9llC/.og/at2.uheWG/igi,BCgwlMXsyt,2022-05-23 11:07:15.0,2022-05-23 11:07:15.0
52,Wava Barton,verda.keeling@example.org,2022-05-23 11:07:10.0,$2y$10$92IXUNpkjO0rOQ5byMi.Ye4oKoEa3Ro9llC/.og/at2.uheWG/igi,Q0BI5QQSzN,2022-05-23 11:07:15.0,2022-05-23 11:07:15.0
53,Stewart Durgan,tdonnelly@example.com,2022-05-23 11:07:10.0,$2y$10$92IXUNpkjO0rOQ5byMi.Ye4oKoEa3Ro9llC/.og/at2.uheWG/igi,WSWx3fsaYQ,2022-05-23 11:07:15.0,2022-05-23 11:07:15.0
54,Destiney Wisozk,dale70@example.com,2022-05-23 11:07:10.0,$2y$10$92IXUNpkjO0rOQ5byMi.Ye4oKoEa3Ro9llC/.og/at2.uheWG/igi,ZnOnEtzWMv,2022-05-23 11:07:15.0,2022-05-23 11:07:15.0
55,Brent Cremin,purdy.adam@example.org,2022-05-23 11:07:10.0,$2y$10$92IXUNpkjO0rOQ5byMi.Ye4oKoEa3Ro9llC/.og/at2.uheWG/igi,51Tlgiiz9l,2022-05-23 11:07:15.0,2022-05-23 11:07:15.0
56,Raleigh Kutch,iluettgen@example.net,2022-05-23 11:07:10.0,$2y$10$92IXUNpkjO0rOQ5byMi.Ye4oKoEa3Ro9llC/.og/at2.uheWG/igi,yfbGjW4iqO,2022-05-23 11:07:15.0,2022-05-23 11:07:15.0
57,Sylvester Hettinger,ashtyn90@example.org,2022-05-23 11:07:10.0,$2y$10$92IXUNpkjO0rOQ5byMi.Ye4oKoEa3Ro9llC/.og/at2.uheWG/igi,SwayfJTWgx,2022-05-23 11:07:15.0,2022-05-23 11:07:15.0
58,Jamison Bergnaum,malinda67@example.com,2022-05-23 11:07:10.0,$2y$10$92IXUNpkjO0rOQ5byMi.Ye4oKoEa3Ro9llC/.og/at2.uheWG/igi,CewRkscqIJ,2022-05-23 11:07:15.0,2022-05-23 11:07:15.0
59,Keyshawn Buckridge,catherine.stanton@example.com,2022-05-23 11:07:10.0,$2y$10$92IXUNpkjO0rOQ5byMi.Ye4oKoEa3Ro9llC/.og/at2.uheWG/igi,amp2TSxmDg,2022-05-23 11:07:15.0,2022-05-23 11:07:15.0
60,Jovani Gerlach,qjaskolski@example.net,2022-05-23 11:07:10.0,$2y$10$92IXUNpkjO0rOQ5byMi.Ye4oKoEa3Ro9llC/.og/at2.uheWG/igi,XlyuCaA91Y,2022-05-23 11:07:15.0,2022-05-23 11:07:15.0
61,Gladyce Casper,abigayle56@example.org,2022-05-23 11:07:10.0,$2y$10$92IXUNpkjO0rOQ5byMi.Ye4oKoEa3Ro9llC/.og/at2.uheWG/igi,bEZ4bga1iv,2022-05-23 11:07:15.0,2022-05-23 11:07:15.0
62,Jarret Jaskolski,celia03@example.org,2022-05-23 11:07:10.0,$2y$10$92IXUNpkjO0rOQ5byMi.Ye4oKoEa3Ro9llC/.og/at2.uheWG/igi,Zk4PTLT0wT,2022-05-23 11:07:15.0,2022-05-23 11:07:15.0
63,Vicky Feest,bmraz@example.org,2022-05-23 11:07:10.0,$2y$10$92IXUNpkjO0rOQ5byMi.Ye4oKoEa3Ro9llC/.og/at2.uheWG/igi,m5VWcTablN,2022-05-23 11:07:15.0,2022-05-23 11:07:15.0
64,Lori Roob,stokes.stephen@example.net,2022-05-23 11:07:10.0,$2y$10$92IXUNpkjO0rOQ5byMi.Ye4oKoEa3Ro9llC/.og/at2.uheWG/igi,RO1LwIkbXz,2022-05-23 11:07:15.0,2022-05-23 11:07:15.0
65,Nathen Wiza,deangelo.swift@example.net,2022-05-23 11:07:10.0,$2y$10$92IXUNpkjO0rOQ5byMi.Ye4oKoEa3Ro9llC/.og/at2.uheWG/igi,neA4qEzJWo,2022-05-23 11:07:15.0,2022-05-23 11:07:15.0
66,Ladarius Schmitt,mcrist@example.com,2022-05-23 11:07:10.0,$2y$10$92IXUNpkjO0rOQ5byMi.Ye4oKoEa3Ro9llC/.og/at2.uheWG/igi,FxDphltWsj,2022-05-23 11:07:15.0,2022-05-23 11:07:15.0
67,Magdalena Schneider,kelley.von@example.org,2022-05-23 11:07:10.0,$2y$10$92IXUNpkjO0rOQ5byMi.Ye4oKoEa3Ro9llC/.og/at2.uheWG/igi,gGQxp5l9e4,2022-05-23 11:07:15.0,2022-05-23 11:07:15.0
68,Noe Stark,gwendolyn59@example.net,2022-05-23 11:07:10.0,$2y$10$92IXUNpkjO0rOQ5byMi.Ye4oKoEa3Ro9llC/.og/at2.uheWG/igi,HNtwtk1xkS,2022-05-23 11:07:15.0,2022-05-23 11:07:15.0
69,Bianka Beatty,hill.princess@example.org,2022-05-23 11:07:10.0,$2y$10$92IXUNpkjO0rOQ5byMi.Ye4oKoEa3Ro9llC/.og/at2.uheWG/igi,f4VykiTVm8,2022-05-23 11:07:15.0,2022-05-23 11:07:15.0
70,Conrad Prohaska,mccullough.cole@example.net,2022-05-23 11:07:10.0,$2y$10$92IXUNpkjO0rOQ5byMi.Ye4oKoEa3Ro9llC/.og/at2.uheWG/igi,6uXc1RK9X2,2022-05-23 11:07:15.0,2022-05-23 11:07:15.0
71,Jacklyn O'Hara,nikki.gottlieb@example.org,2022-05-23 11:07:10.0,$2y$10$92IXUNpkjO0rOQ5byMi.Ye4oKoEa3Ro9llC/.og/at2.uheWG/igi,MZMuTTAnKC,2022-05-23 11:07:15.0,2022-05-23 11:07:15.0
72,Jarvis Farrell,gmraz@example.org,2022-05-23 11:07:10.0,$2y$10$92IXUNpkjO0rOQ5byMi.Ye4oKoEa3Ro9llC/.og/at2.uheWG/igi,RUWVqlzHoj,2022-05-23 11:07:15.0,2022-05-23 11:07:15.0
73,Isabelle Bashirian,denis94@example.com,2022-05-23 11:07:10.0,$2y$10$92IXUNpkjO0rOQ5byMi.Ye4oKoEa3Ro9llC/.og/at2.uheWG/igi,2Lm4liTTaK,2022-05-23 11:07:15.0,2022-05-23 11:07:15.0
74,Jena Cummings,stamm.travon@example.com,2022-05-23 11:07:10.0,$2y$10$92IXUNpkjO0rOQ5byMi.Ye4oKoEa3Ro9llC/.og/at2.uheWG/igi,Ah5h6TmEg3,2022-05-23 11:07:15.0,2022-05-23 11:07:15.0
75,Kaci Nolan,khoppe@example.com,2022-05-23 11:07:10.0,$2y$10$92IXUNpkjO0rOQ5byMi.Ye4oKoEa3Ro9llC/.og/at2.uheWG/igi,5PcKG8c99E,2022-05-23 11:07:15.0,2022-05-23 11:07:15.0
58,Jamison Bergnaum,malinda67@example.com,2022-05-23 11:07:10.0,$2y$10$92IXUNpkjO0rOQ5byMi.Ye4oKoEa3Ro9llC/.og/at2.uheWG/igi,CewRkscqIJ,2022-05-23 11:07:15.0,2022-05-23 11:07:15.0
59,Keyshawn Buckridge,catherine.stanton@example.com,2022-05-23 11:07:10.0,$2y$10$92IXUNpkjO0rOQ5byMi.Ye4oKoEa3Ro9llC/.og/at2.uheWG/igi,amp2TSxmDg,2022-05-23 11:07:15.0,2022-05-23 11:07:15.0
60,Jovani Gerlach,qjaskolski@example.net,2022-05-23 11:07:10.0,$2y$10$92IXUNpkjO0rOQ5byMi.Ye4oKoEa3Ro9llC/.og/at2.uheWG/igi,XlyuCaA91Y,2022-05-23 11:07:15.0,2022-05-23 11:07:15.0
58,Jamison Bergnaum,malinda67@example.com,2022-05-23 11:07:10.0,$2y$10$92IXUNpkjO0rOQ5byMi.Ye4oKoEa3Ro9llC/.og/at2.uheWG/igi,CewRkscqIJ,2022-05-23 11:07:15.0,2022-05-23 11:07:15.0